{
  "metrics": {
    "accuracy": 0.055683563748079874,
    "bleu_1": 0.1808940578916852,
    "bleu_2": 0.1808940578916852,
    "bleu_3": 0.1808940578916852,
    "bleu_4": 0.1808940578916852,
    "meteor": 0.10533473638725606,
    "rouge": 0.21492232996183777,
    "cider": 0.706442427820155,
    "precision": 0.23666489893448422,
    "recall": 0.21661028210567382,
    "f1": 0.21769978378222482,
    "exact_match": 0.055683563748079874,
    "total_samples": 5208,
    "empty_predictions": 0
  },
  "config": {
    "vision_model": "google/vit-base-patch16-224-in21k",
    "text_model": "vinai/phobert-large",
    "decoder_model": "vinai/bartpho-syllable",
    "hidden_dim": 1024,
    "max_length": 128,
    "batch_size": 8,
    "learning_rate": 3e-05,
    "weight_decay": 0.01,
    "num_epochs": 20,
    "freeze_encoders": true,
    "image_dir": "/home/tgng/coding/BARTphoBEIT_imple/images",
    "device": "cuda"
  },
  "model_path": "/home/tgng/coding/BARTphoBEIT_imple/best_vqa_model.pth",
  "timestamp": "20250906_003140",
  "total_samples": 5208
}